-KYeNAYQVgk2DcbuORde_easy_tile_solar_array.json	7749dcc310f33dd184b73462f055087549252601f44f2b36c4b0886f261e6ade
-KioxPCe3zEvkTMzU2KN_belt_balancer_compendium_with_nice_icons_by_tuckjohn37_and_r.json	e0e6f74eaf33a05604753e0735b4242139ae7648905708f3aac733ad5601dfb4
-KjJ3CtQJvF3lWYrJTXV_compact_all_inserter_setup.json	f9f71e6062b5724753f5e37ac51da3abd2a7130639944bfe97585fff45ce8e5d
-KjUiaibx5dJBC9svbMy_compact_480mw_48x48_tile_nuclear_reactor.json	09f8f97b89c35b69ed813efc6e9ed5ab285ef660b13877a453c843ac6a20f88c
-KjmZa8RznafImLVCmO1_circuits_red_advanced_octagon_simplified.json	fedaff19997f13174674eb8f5efafff0f1868fb650293e0411fa7ee8cf30ccfa
-Kl-NTpuTXPVfk0N0EMo_green_circuit_production_yellow_belt_early_game.json	49c0cd18c06bc719d3ad2ad1ff218554788dc5552928469178553a27ef8cd2be
-Kn2afLokZdBO-uHcIAF_power_book_compact_tileable_no_waste_nuclear_solar_steam.json	07bdcbd353415c9a0e6e1d4e41a07c127d6d557d8febea2fc661cbe4f01923af
-L5F2qiGFzcnPhWeSDtn_complete_uranium_processing.json	4dd7c53df745f11121b0d706782dd5adf680e68ffbd3229e1ad67071da1a8318
-LaIPNgh8f16V8EwXXpW_brian_s_trains.json	b92e2f49f08ad2a625b61f84ecea2aeee3175436570fd0b5d7f11794b68ca0ed
-LmTAFo2bePRA5C8UVb3_un_necessary_complex_rocket_silo_space_age.json	e9941f63d86ae167df47e334255408f85f308b9d05cf655e530b57a565724d07
-Ln7bpxs1Mmtyv9yx8x5_everything_you_need_for_nauvis_space_age_mall_crafts_over_17.json	eecc664691dd403945dd06fbc519305e4f33662130cfc06ac6698fed8ab444ad
-LvWjwX1U25krBg-auKR_brian_s_bootstrap.json	b061dc197bca7da0d5d7a39726b899656e19eb5413b18daf48c5d2e62640e6cb
-Lxr8KxgJup5AsKyTygI_factory_blueprints.json	5c5d27395a2d28f4626026654a53aeaadfd9d67131403d02e91afc636633aad2
-MFIYLSH60wmZ-pNvcL__10_books_full_of_rails_v2_21_2.json	025e7f2f6eefdf8ff787103ff193518c078bd1ad9805cf4e1e0a66040cb996b4
-MJURcCFL-9L_cbihLys_tileable_reactor_self_throttling_belt_fed.json	2e9e6e9e0a9797285d80a0f9181afcf9373843ebcd6627bf612b6ea195d49478
-MK-xIWwMHTIBuSh3ZWQ_elderaxe_s_quick_start_base_v11_2_5.json	225b8b025849600ab85d20ebb893d386fbe42829642e19e0a89b54f544438590
-ML5RsMXhj7tnbbzs02H_raynquist_s_belt_balancers_fall_2025.json	c1e2a0b9193e3a55d695905f9521bb3f7615dbfb3ff04666fff42536afe8b72f
-MNZWdWosuqr3vtaC2hD_self_building_mega_factory.json	c9093fcb91f9d65bf790cb4d4014befa8882b39c62719438fc209e39142d87cd
-MRlUfZhORyl5xBC2yq2_megabase_modular_train_grid_framework_vanilla.json	475016d0cc92a032261b1e3409c81ebf9b551f346e741607e75b9e13b76b6266
-MsiJqRBjthrpfmWYup2_zero_maintenance_uranium_processing_plant.json	6e4363666701819462573bf097d0b09adb48a03b443203cb57736e0d49973e6f
-N3-piim7SncGF3GuRbo_science_blueprint_book.json	19f2edf505447520c7782bc870cbc20edf262b28aa1c7284a0bd01000bb2811f
-N8_DKC5AVE1L5tfVX4l_production_book.json	ee273a531584832294de48dad9b6acf5d29a3167628fc7cc677f7b2dd9c37460
-NLelB3AbYhma-oKETwy_miner_and_smelter_book.json	569c79fa7ea443a4dd8f38506e07970ebe0db593284d2bd2fb827f66b3a38d12
-NVIYNeGyxfJfkfz3MGF_megabase_modular_train_grid_framework_2_0.json	91f2ed6374c5531fb85962396b14bdac73b3bfe33253d8b874a650d6d10e5693
-Nnw3ZYyhVsJmbl7Ug6w_modular_train_base.json	694a57d03f6dde1e83810a9059072e701523451a35e53a11a9b917a5e52284e6
-NnwKfmYBonMAPum74-h_city_block_base.json	84c7c6ff4b250cbe838f7689e42a39803f972fc4144b4b60d63ce2dd11906b0f
-O9VOykV4CirECeCrQdq_the_automall_factorio_2_0.json	4bf3b0e169b9eec37c9787b5eccf037d10610f26ac8bcc0d23b6343f44248b1b
-O9VRJfQs93GnPuihM2B_the_autorail_factorio_2_0.json	dd099f85241c7c62802a76c5f95ee88a237e75b2ebe5704f33ce0a3886901ac6
-O9lpwvRN1VK_Uch35UP_the_autorail_no_elevated_rails_factorio_2_0.json	684f88ba30e83796d7806bc7d633eb80d86cfdb4a8bf16b892b2246d0c45e76c
-O9uablte29zj3_7CiPd_lossless_no_bot_four_reactor_nuclear_power_plant_factorio_2_.json	788a5b4115af122e8e02136e7f2efe90e8e516f6bac437d8096603e85ee5b5c1
-O9x_8xI0Y9Mw1K-gWO3_simple_first_3_planet_ship.json	4af11df75acff9ca88b757e06d27fbdc151b688b2d0062357690035409039181
-O9yCmrj3r1RDXJz_NZv_mall_for_2_0.json	7ebffabefb101c74a7ab39a6663e5a2f9fd9e68de28580017d811a922e181535
-OA2Y5wpGsBswVdLFBeS_2_0_space_age_rails_blueprint_book.json	0966406744788006a318dc4c96d0bae441a048533499c91601d516de76df32b8
-OA2ysn1JLKUs32syS-O_cactus_s_mega_mall_edited_by_dragontom_factorio_v2_0_for_spa.json	5a8e82c8838264d0348aada434b26174684cdf5b8eafbf356cee597f8b3429db
-OA8A9ML7FEWLrhaRE7t_selfsustaining_space_platform.json	d502454b690ebd88461c15fac7935ddc1143290f857c7d0f56ce05484a121efe
-OA8Z4BCrrcvDAZIOFyq_all_in_one_oil_bus.json	c8e45c9a974c79f90745e906017dd71c7ac85bd6e65c1ddf31e2e582fefa7716
-OA90q7iPtXWzTXIGW1d_green_circuits_for_vulcanus.json	8d5b604c121d29039221732d5659ad439da0c43e6a802152889f4556f371025f
-OAA94aHsDaXcxqAAjKo_2_0_all_science_labs_with_beacons_and_additional_biolab_blue.json	8d23d2110658313bf3a28ffa2a163c4cdb9d23f51f9141f66d31fd7797dbc6ed
-OACMOxFVPfSe7wZiV8G_space_science_platform_compact_2_0.json	45e10795d8ceec2ebd2a9d119c1cbb0010fc5239b95ea093a0c1f160077ad27b
-OADS3jVt4MVBPN_xUs4_mall_hub_for_2_0_spaceage_byom_build_your_own_mall_a_modular.json	d82a0c4bad01e0e2aad65d685705b19b3f42630d69c9197f80af44bb52237122
-OAEpenNDcIcq6pzO6Lq_qgrids_v_15_chunk_aligned_space_age_blueprints.json	c3e07dea8ff2a1d153186897d21787f7fb3c330d7dbb04078373e67fa422a030
-OAFmrKOa0uLijI7vVK-_space_train_grid_0_4_0.json	945b6f4c62b439c18d791cb2b0887f221bd306dbb1118fc0d6872e171ccd1428
-OAHvGJNO0UNGn07VeZf_gleba_book.json	61a33c4107e67c3c6fcae285f1dc5ecccd8c3a766187928e586eb4ac88f26ef7
-OALgRNkWyBeeSIofrDh_the_cooler_automall_now_with_fluid_crafting.json	656371c3dcf75fa1af45dffbef69debb1166c0c7383e7c5b94374d64e84a4254
-OAOEo9pdmReRKP3Njyi_rip_landmines.json	5d880bb54746bc151d6f7d81025d9956be940050a5e58b2dd64b216d9c8503d8
-OAOIJs5EGc4EWrUeWmp_aquilo_ship.json	d6d40088e46a139bf549a4f82a2e7f66c00187c8a1d30bbb1378d0ff480a1cbe
-OAOzIcNpGHby_ZUevRM_boba_city_modular_city_blocks.json	c0af16e7fff2e91513328dcd1aa591c93d5919fd4b958b4936c5ed5a8d926e52
-OATOJwczKJntjJ8Cj13_vulcanus_smart_er_foundry.json	c90f0001cb0601a3f0eba2379904b1ed3927fb4679a8e6e0c3fc7f877d06f846
-OAUEFzxO272dtCvs3TV_green_belt_splitter_underground.json	fea47fea88a7fe6750bd7673208656188f1c03b954f6f4d2ecfabc563e237b5d
-OAUvnT55E-kpgXe5K22_main_bus_sender_receiver.json	64dc22044936dd6b9d6dce51a154d532e1d161939b848ec0ed289cc974908e52
-OAV_D7oebREcGvddoR9_gleba_rocket_fuel_production.json	fff3bceea10a87cef446e99db21debb80635d9c217c2cae1c3b082bcbcc5b18a
-OAYRP4w8X9aG0LlslMV_space_amel_express.json	30469ed12fe669e1efc1a99e7b2715c0499f3c6a5befa2161a358aa6638c70d6
-OA_9g0_glVrDzTqT3WK_aquilo_space_platform.json	8670c240fec6677ea4b964e77a56feea2b71c6234d1282b382ddb8e75385b0da
-OAcjPpPJE899dQfxMu6_vulcanus_rocket_factory.json	884f65919c8747bdbf47396d53251ba3249f6f592553f06c2c54360eec59e598
-OAcoeRGQtlWKk068F1L_4_planets_runner_low_research_quick_and_compact_spaceship.json	586ed808516417512d8c86a8c9ed60a3f8de058c282403c249318456c515f0b5
-OAdDeuodgQixD1XDN0H_biolab_beaconed_and_spoilage_proof.json	f0728fe9281c37dc8d28d973f8b6f8b4afe4ab5e8d6ff9d33ac5afef220a05bb
-OAdOX4kckC-NitbpBrr_2_0_space_age_deconstruction_planners_v_7.json	98a4be00c4c1a877ac53c48ac88e0858b4a843fb8b78443afba1af109380d92e
-OAdPDSbwdUI3zIuvUze_2_0_sa_upgraders_v7.json	0cdf654e201bf5e63cae5e300551577b1d9dc0c48c92f79d095511be5659271a
-OAfTiV5p_5PSV_OrSWA_fulgora_scrap_recycling.json	959b98ffdae48f20f886e4bcdcc29c3879beadedf42e7868896f32e1bebcd832
-OAhy0FJBwNqHuCjjvMP_electromagnetic_plant_parameter_crafting.json	59471f894c864dee2055daf7bf8dc4c0f43b251dda916bcdd7b77a1b5a29e6c0
-OAjOz4bGjyJdIo5eMRl_vulcanus_production.json	85908454673a278d707a2c02981cf01b01786adef04da6892fe7bb1b4402df02
-OAjxHVkwRp6DeQBzEeX_gleba_agricultural_science_and_biochamber_production.json	3cdfeba7900f3497ce2792ae5df780231ba5ba2167266ed220f35ddadc1ea3b9
-OAlW-VixpMPqMXeO5nH_mixed_advanced_circuit.json	4dc0516f6d78ac935e4ca05e26e88fb2e11eba0f4ca8c7094eb561291774480a
-OAlfuKJ4lpd-HTo6kVx_fulgora_recycler_and_quality_filter.json	45c887f19ce286191627e41b34284992c18773e0c98ab8b929ddb13eb90a44c9
-OAlyskVrmzN9CWRFNv2_quality_grinder_parametrized.json	bea591340c555640a39cc3f275db99b6668947f0a643c37958aab163bc80b99c
-OAnZodIYZhf7N57SdpC_fuel_optimised_space_hauler_v3.json	f1fa08356a026f0240777fd1277ba996867da12f76c4147ce89c85950cf5d34f
-OAok_v3mhMQVU9fgtEM_base_in_a_box.json	2f69cb60252fce123b8499a8dba05e39a193f9bcaa068ab330e016170c85fe6e
-OAqX9khxLBky1LxKHeF_aquilo_all_in_1ish_production.json	279da4fdc0dc9803c82aed20b395e7fc6c550dd404712de5ac07b589d0e35420
-OArHW7SucfN1Eb40Dzd_metallurgic_science_pack_tileable_72_min_-_720_min.json	9a37b8bb1340ff01cde8a235736071a49e1e405b6f604e94da5cd88e8caddbb0
-OAtpZZUsdquFuVECkPV_post_fulgora_vulcanus_liquid_fed_green_circuits_90_s.json	757f1376b24e01bc4e57ba5216f2b7a5e4c22ed8753367a6fa25e37e2de07783
-OAtv61-UolIn_C4Q9Ci_smart_trains.json	b003748cf7fde0a9e46a243fc7cd9f8a219d2fda7382fb4f9a1e9f5cde9b7448
-OAvLuAwLJQeSEdLox6s_gleba_adventurer_s_handbook.json	6396055f4b5e52bef7f01a912dd3304370bb5ae2e82db78b369e38dce0bcce28
-OB-AVMqeSJB3-6H4PYC_gigadrill_1_1_2_shattered_planet_space_platform.json	48ba44b83a497f9b00abed1631527e80bd06f4c30da8a57e829bcc7264f500bf
-OB-H-ntKkDZCUuUzPr3_aquilo_kickstart_blueprint.json	a0e0b88c78c98bd00357b230f8abc5bbcbb61de12101c06b7a143a848f76576c
-OB2ydtmzd179zVG1H1Y_almost_everything_fulgora.json	2423846395fd8fa70f4d502d72ea7dfca2533a21fabf77f205ad0db5f9c9263e
-OB4PHj7LAmdtnSPx0ne_space_age_rocket_factory.json	0976522f1b89978197ecfe33edeb182c41e346f89e8080d118cffa159c5222e0
-OB5KXE-d0y05K7L1Wt1_gleba_starter_base.json	43b48cb352ee53634ced4a8fcfbcbaa63cc2feb71a6509977d7635e09e22ac75
-OB8h95snJMhz3_EdxCN_automatic_all_quality_crafter.json	4cbbdc09f84ab4edb616fa54dbed57b4e887d2afbf9c4d6a86183713f35c94b2
-OBAyDy9PnXey5SMeUra_nilaus_space_age.json	1de1aca2dd68670f2685a19e4df4d20126bd16a86f60ee743a24bfcca82669e5
-OBBlfxWwPUvYhulewwV_efficient_hauler_for_all_planets.json	53753332931a8726154b3ccd17968de0272d1fceaaa45ae4ce4b53efadb2bc42
-OBGi3FFGJy6V05PEvii_atems_green_red_and_blue_circuits_post_vulcanus_post_fulgora.json	bee3066584ada5ee0f460f1fc5d89c178508d7a88691b987e6c82dd245c74255
-OBH8naTGfDlmsNRjxfZ_quality_improver_productivity_friendly.json	68a6b4cb5e4afc3385b32bf9ed1806173496e5f6cc363177265f8ba64c46375e
-OBM-LoRxzZKXi8dvphv_vulcanus_all_production_no_mods_game_version_2_0.json	6309c6c9f4e44045e83e6dcd3d31aaaffbe9817605294eed7bd2110e9496d3d6
-OBM1jc4Izxd8iAZrzKf_fulgora_all_production_no_mods_game_version_2_0.json	e3d8c2f8c6b09b67c0bf89632fd595fe826f68d82a45d243b23487d9f0b70bfb
-OBN09rOQLe30Gd9dN0M_1kspm_space_science.json	b0bef967f95b3a9b01a386cf4c2f3228c7e214448ab087e1a2eb65d91efd1b97
-OBNF7RfBZP9weZkQ5yT_large_space_ships_more.json	ad7935f8dec1886a52cf3f00d6e9dcab05c8e35e3cdcdfc29f5697ed9cceba3f
-OBNNkKwGZfO0BX89sDo_tileable_quality_scrap_sorter_recycler.json	43de61679ae8c0d6ad9d8fe57ae87ab58b7f4be4b5ecfacf8a19c68695b504f1
-OBO8SUUaOTlahnaygRY_smart_rail_system_v2_legacy.json	45f9f24823179414dd2a64473b159f6d02510d3a26f2409c3260b9c1ec80b206
-OBRge22JrbTOc11WuyJ_bot_mall_w_parameters_w_o_circuits.json	afadbad9b4b4851c1a6120bbbeca11b116133052485d11ebc058fe25e56000f5
-OBSabLpqu-pMQbWkKcy_gleba_all_production_no_mods_game_version_2_0.json	c8cbad99580ca1cf3b0d43020a774b470f9019f2196948c188859e974c7d98d7
-OBUHJnkshGV3rGETQZk_fulgora_recycling_scrap_with_large_storage.json	a69a4046e747ec9294ad06c50acc5b011471d9fef0df2606bcf091a3635d7436
-OBUp-bfUp28-m33KSk1_automation_science_pack_100_spm_red_science.json	f2f014bd2bc79911b8391c3810a8f00cb8e0d3113f16d50b0d335b9d623592bb
-OBUvvwyn8HYAlNFuf1P_green_science_100_spm_logistic_science_pack.json	90f0b0d2d0ca90c511b13a27f1b967a7e6353dffa4b281a0112b17e2aa0ca522
-OBV1ZSXl07FWbjA_Xwr_grey_science_100_spm_military_science_pack.json	74e008b0da5b0aabdb8be610e11ad5e61f990a0c34f7ed1cf12ce1fbe0fec98b
-OB__2uM3Lnp7TjGVXLG_blue_science_100_spm_chemical_science_pack.json	f2dce41d19607064450e48d8782f65ae3f2f2bf4584336392bddd4a900d8bba5
-OB_iNUWGUZLHb8sm9ko_gleba_science_rocket.json	19cd2229be79690044675e01a5ef31cc336d2a243f967a456bb82c4b468e8e39
-OBdq3vJ2slIWEDAXEeM_tileable_factories_v0_56_0_v0_59_0_factorio_2_1_version_on_g.json	f2a3832ce0f5deeff143ae4e1a67d820201edc0ed8fa4881bd7d6c7c0ac970fb
-OBdvHoEr2jlVweXSUKW_compact_fulgora_scrap_recycling.json	ccfc22488e8819ef6462574fb55f1dcf69d1db88625cc96e5e34d58cec6e3d08
-OBeLnB6b8hMCZJkmMOd_space_platform_orbital_production_on_any_type_of_planet.json	e167760a81661d24900d85f56647927ffd2a5216290416dd77264b6fce4a17ce
-OBl7wqAj8sOVeoJJP0e_late_compact_tileable_processing_unit_20_8_s.json	e37efab5f32a8d81e9488e2c2ea372670c8e95b2154f7c434f131adcf4f6b727
-OBlrat-C-7ulHEA-wPM_gleba_modular_spoil_based_factory.json	36b8ef30e8e3a03fe2de2e5f4ff19381143cda266be2bfe5d7c53455b085c56d
-OBm2OMax-6NqrqVUBE__1kspm_nauvis_and_vulcanus_sciences.json	9b8872662a073e7e4162396390ec3354311dee9e5c74e62b481ab823d24c1f6a
-OBm3pRYC29YIX3u3-VK_fulgora_900spm_with_rocket_silo_from_scrap.json	73ce374bbb3ade1fcb2f2bfd9404a8e82f7af0ff99c4352f4b3ee0b5663b8743
-OBmTEVclyFK0WjyR8TF_foundry_electromagnetic_plant_green_circuits_-near_end_game.json	d483e5f14aceaa4fabefe9ea664a3d4714d737bd702073c42dabf4d6a9e37411
-OBrcQdLsOJHRw-kxLJF_quality_normalizer_upgrade_planner_book.json	6bc98a85cf2b36caf69639698ca9b75d93e465ab4878ed328e0a9ccc3a1cf5f4
-OBuERtPdm2_2an2RSMS_calcite_collector_platform_protected.json	49adf3fc763d211201aca320f64e8fdfcf9b4624b9f3b52401513367db7d0a32
-OBzpkU0GOt0w4zw_vv4_cedric_s_all_you_can_rail_book_2_4_lane_space_age_v2_9.json	803b5fa749e6e0178b777cd374e8edbe418104045e3a87747601670bceff71a3
-OC5u5DqXGeUOiO_SCrd_tower_timer_efficient_gleba_agricultural_management.json	8899d912a0810aae448eb0b839c9bfb50fe5408a9d2960e1a870c5cf6da8c549
-OC9dQhs6BoqAn_9rQKB_aquilo_starter.json	af857d7309fc22fdf37f148ec200834085ac68d7cabfa064dd59f2c0bce03595
-OC9hBfLsZy61BDATFg1_aquilo_full_production_no_mods_game_version_2_0.json	d9109f2e26bf9b1d64172899fc3ae8502ce1cdf218d2539bf5040e5b39bd0616
-OC9vM_f5JW3ON9V-zny_spaceship_bp_book_set_to_my_base_build_bps_no_mods_game_vers.json	8c49849f27fe0bf0e42bb117f9cea3ef99ee1074f22f847500447264dea8e39b
-OCA_rLhEF-peJ7-ISpY_vulcanus_green_belts_after_fulgora_no_mods_game_version_2_0.json	3da56b0c16279b799a89c8c9e9ee453e1176b6bd5073ff61f127401856a06bfd
-OCPSK1I0U2I_D4Eie2L_gleba_main_bus_90spm_mall_rockets_and_turrets.json	628c388d4899ac9ae76830792d7c097ac3caa2decaf1ca8c669f9020116a70fc
-OCUfIpMngJ8wjXSJEg1_parameterised_electromagnetic_plant.json	99f2e72f09f08179971ea67a331fbfecd736cf837dc644e50ed3bf0a5f3d8e7c
-OCYBHnPEI71nhkuM3iq_courier_s_small_fast_lossless_cargo_runner.json	0cbd1c3ee5e83baa0a550c915425a44b96c782ec9d0cf0464e7a4058b2939c20
-OCacSzYrhKA-lagb7jl_4_belt_recycling_station_quality_dashboard.json	7e06b0dd49d898977cff44b500cb2952156722dae8b285cae4b6e42bfd93ee2b
-OCceABCVU4pq8r6l1HU_tiny_gleba_cheap_200_spm.json	5ff7b0574de47fcb979f4c97931ba5ede92bc6d2b291248b4a52f0c07b450a5b
-OChimaERa0hGy7Ynvon_ship_for_all_planets.json	ee2380d6eaf10fafb56181f0c568f4938b50336b363e57a84a9022f326e345a6
-OCiOg7V9wwkvr1xKAep_bento_spaceship_series.json	67a4cce8bc2b23fd398ecbe55e1065f07702481b5827d16131803058f7530f1e
-OCwwCDnl1W1Q3Vj6Cm2_invincible_titan_ship_went_to_shattered_planet_and_back.json	19ce43ba57729c193cddb475c6599f6dcdb9b291a9808704a3c65af59a363a2f
-ODCSGIr-f3narrCOFTe_electromagnetic_plant_quality_upcycling.json	ff4088159c24974443508b96eae0adba343ef51612d561872f6a065b9c175de0
-ODHi5R7aI4N53Lt_u_-_razorback_cargoship.json	73c019229c4463604bb08f64373ca457bb1231144c6fc3833637a45cc0319f29
-OD_tY7k5XuU8k2rtHN2_fulgora_scrap_to_90spm.json	60532ad1c6944f49ef176b01dd43e1d9fc116f17e9666d5c9cb99f5198d3d558
-ODcmeRnRRf3-TTVOZ0c_recyclatron_4_0.json	9cd26c883b17e95cdbb42382ef67e4f3169e8aaffaa9bc8dce0daf4071595d7f
-ODqIyVZCMvi3k3Zn3zu_prometheus_end_game_ship.json	8bdbb777a6c2ffe29d966e3896f468570e438c3175514441c7189768aa3d4ae8
-OEOwXfB8HLd5q5NS_MW_ez_space_casino.json	115e6ba40d95531892c439d1f50c6238bfdd9445f17329af68f0aff1fc122c5f
-OEYpgwrnR1zCwk_r2JF_microfactories_for_space_age.json	096012a8fafdd9beecdf9bfc8b58ff945f1c579106f53e7bb5113936a0e16bf3
-OFa_ZWh1hQypFqucMTy_gleba_base_mall_all.json	1c560531ec3f7016a731e5227d7bbd3d7eea2f70f493b1f37d5f65b630b0df18
-OFo0h6eKudNzNzkh9zL_gsxr_automatic_mall_of_all_items.json	b9f0b44cdd3b611cfe1a7b6fe3db0167086a61bec1509ff3a33d3935868c89bb
-OFqXLjhPzRw4iDXGbNG_bee_s_space_science.json	cb47b353c31ba9739bda01b9c1c9b7cef9833270c4021d0a8959f405f8106065
-OFyau26gxLZCqpNqc-V_the_rook_promethium_platform_ship_end_game.json	48ca655136866fe4b2062eacd95b64c33bbbbb0495a4935c1699e67881acdc27
-OGxzmS33bgeGqegeJKR_legendary_asteroid_ships.json	73ca14cc017a9d7a11b0733881d9cd73757d292e1ac0b9a4c544913fbc6798a0
-OHIIG6j6nkHquAEnPWg_gleba_starter_factory.json	a168571b22a35e27a71445c03217abcbc2b9a0496feb01073a991d3ccc3ab443
-OHM5tJ4DZ8ztGkHiTh__clover_of_legendary_quality_advanced_circuit.json	fdac04be0adcdbb70e88aba3442cb87b87b2c1e55e59a5b7edffac61370dad6d
-OHN-XFN7fzwf-gx2nyK_melbourne_w_o_coffee_legendary_module_farm.json	4b1b7488281e125a02cd6818a31332b0bfd7535aeba2fce4496d8d88f717ae95
-OHul4whTLZJoTbJgGj-_fulgora_outpost_v2_update_85_spm_and_rocket_per_three_minute.json	babf1e4674d4db8974277a24c461385d4a17136131662e3b3d54e23b55fe696c
-OIBna5CuwhPuGymzlop_vulcanus_science_100_spm_metallurgic_science_pack.json	30c8d50e11e6bfccf8865ee095a45a7daf09daac1fe2349a3c1fe7596931370d
-OINoQNVHZhiPF2bmlGU_shattered_planet_spaceship_with_normal_quality_only.json	f46fae8dbbd9b12db6e1ff0e40514ac5236a20cbfccd51e213c8a4406b717e85
-OIX6R83zobSnW84y_fm_blue_circuits.json	2bfac059af948d7b1710667355d8c706ac3567d47cdfaf450836ef5ffd4b6251
-OIh9qg_JdO1cKJf6yKT_megacity_to_space.json	e4de00b30da9a21213096dbb41f61259312d07ade2e7f3c9f5432b152847262b
-OJe1VpH5-TunS6dqcbi_zabr_s_complete_space_age_v1_0.json	356a304d823db56520003cdf00c01b73b86a41fcacc485b3ffafca4cd76d3ecf
-OKENoLBh3AdJ1B8zEUY_legendary_stack_inserter_from_fruits.json	bd1d1fd5d266170b2193ef4d2e0c0e53e63d47da8b67e022cb2ff53d7f453618
-OKEx59PvllnXDnQP57r_megabase_modular_train_grid_framework_2_0_for_space_age.json	eb84e2fc9f134695aaf67f7cd53d4c8d8a03f59f5b3d088eee99bc546e8fdd92
-OKJ3OjhR5jBJQKk6j8v_electromagnetic_science_pack_factory.json	53ee95bec02480bb7fce6d4d09a0c97f63d4243bf4cb9f7ff6cc95fc2913fda4
-OL38TX27JmPIivo_F3R_factorio_handbook.json	e55ecf1bf8d07b8bdd090d9eb796c6b7d705a191bc07bf41ab43c99282139166
-OL_rvijZDQI7WVI8mxG_vulcanus_mall_108_items_from_ores_make_everything_vulcanus_b.json	e792a4b46978df6370f177a8135b7f4ef11a295ec7abb442c132b8571828af36
-OLexShcZSLG8qYkOLiy_rail_blocks_spaceage_v4_0.json	9cc370d3c00f49bdef78eecebee815d4287d6ffcd40a31a750a445095e059644
-ON0-7RmLQJjDfgq7s_W_all_the_book.json	1134513c6d1dab94c04aeac72e81e65004359367318b069b77b5edb157d58599
-ONUCH0BgncH1liBGoZ0_automation_science_pack_on_vulcanus_700_per_min.json	ae51ccdca43888c2210f61308e58885c658d7ee0704fc78697475d4f2c63f89f
-OO5V-wUkdrkhAji7y5m_fulgora_starter_factory.json	d882cd9785519aad9dad2173f8d5b45d10134ddbb09c09bf23f52a0c2313b3ad
-OORMl7VRLI47L-_1pso_starter_space_ship_beginner_space_ship_small_spaceship_by_cl.json	52fce6307963682964dad9b68a771b27d563a08f236e12fac2b02798be239812
-OOiWt4sUq31sxVvvptW_all_in_1_mall_for_late_game_nauvis_by_cloudiboy.json	29c42bda5f88d1aca9baa503bae29fe95165e1f6961bb991543c217fd73a174b
-OP64HC3ibqmtD4bCM8l_starter_base_bot_rush_early_mall.json	e66e1f9284c29265ba749b563f117aafd12ccf9e4c973d1176d74285f6e675f2
-OPaz0GzpyKTlYyhcEiy_blue_circuit_processing_unit.json	1fe83b2cdae439c6e73e0ddfcc3d6cf9faee92040f83e6e48a66ecf674f28301
-OPqXI7f5b36Cd1Tpb2Z_electromagnetic_science_pack_from_begin.json	c2a5e662b4ce9959101ed7989a8a2ad9cb604ac7927b7f8d86fb4a08ace6dd45
-OQKzgXy8S6JVDGXF2N8_vulcanus_main_bus_with_production.json	aafe30c658ab4d74b7a62810fb1bcf2c1787a85c9ebddfa4bf2dcee496ad70ae
-OQRy8gG90aa9m5oVCl8_blue_circuits_on_electromagnetic_plant_with_level_2_modules.json	b3998e97a78316a441b75d96205ad7e4a9e68a2bd243f231c68aba8c58f61d3b
-OTPtRqUkJYZammOtzE3_vanilla_jump_main_bus.json	224299369c278addf964f3b873dca07233cd4251aeb662f2c48b90f7dcbc67ea
-OTdr6sHGea-XX0zt5Um_early_factbook.json	e22a482a7114151dacf599ecfda49601ef04d4d79749c12a239be51719adb47c
-OU4xpv_3uAJk-nIYB2y_vulcanus_starter_base.json	f90c573d7822fd50c54132c046f663c028df9589389c3371a2e70b99837a7578
-OUf5gju1G_1O_K38VLl_fulgora_blueprint_book_all_in.json	6db304c74fe554f860d64df9c01f8999b68d296b6a8dba56b305e2aae37544d9
-OVJcLwfZiNlHw2Arr7g_advanced_circuits_2_88_s_-_5x_tileable_14_4_s_red_circuits.json	917e6d48ff7378281f0a0269e0a74efa891bb265ffc6d593b4fb005ca81bf97a
-OX4QBKmwEZ6dIBJY5C5_fulgora_mall_4_planets_tech_normal_quality.json	6603f6fe19479ece052edbcc32595fa866eb215f65b290999c6cc9a753149201
-OXRxN4v1U8dwIjSO4l4_nilaus_cityblock_2_0.json	9ccde931c0ad9715013e355634476bbc670fbcc4f9e654760adf86b8f161c85f
-OYaLsmRoZfPAT5cm7p4_gleba_mall_5_planets_tech_2000_spm.json	4d90c878b0ada9d0032103a025740b335834eab9f97dde01c950ad2794d982ed
-OYegQBBz6G-jjJY2aDd_30_processing_unit_blue_circuits_sec.json	c7ab7c91baa99ef1b2aea0db11630d20b03f31c53402e3a06f6b76732c43a235
-OaPxW_47tjMo-cuBOA2_upcycle_holmium_plate_circuits_battery_superconductor.json	a0808560bf603e8092a095b5f346f5dba202e6c7882ed1f2212112b3c1f8c1cc
-Obo3fKfmOIX7e6_4gni_smart_rail_system_v2.json	42a1c69ccce95ef259412a34dc31fa7a1c6d59943b9d5a13204a6ff60df1d54b
-OeSBlZc07QwSQBgcRv2_main_bus_starter.json	335a13814d9b210af7d012e0cdc64b395408d2e73bfbdd32a61e72143306db66
-OgOSK3A7Jm0p7nP7Xt3_main_bus_-_orga.json	436b8ee23a3f97848d4df33df75918aeacec269c38361dffcadbb127909d2001
-OglKh8LI_-JsjzYYRe3_vulcanus_mall.json	d60cc732bc61b62e575d98107cce2f9ef054a8d68073212b23e54a64a358bb5e
-OjgywdK8AOPe3Rd5t5C_legendary_mall.json	bbb4b65b428d30479275d677b9876ed13cdb441bf15f8ea17c76ce506623efc2
